Cellphone Img,Alt Text
//fls-na.amazon.com.mx/1/batch/1/OP/A1AM78C64UM0Y8:146-5372483-6076421:8FVGZJ25DJT6FP35KRY7$uedata=s:%2Frd%2Fuedata%3Fstaticb%26id%3D8FVGZJ25DJT6FP35KRY7%26pty%3DYourOrders%26spty%3DByFilterMoAp%26pti%3D:1000,imagealt
https://images-na.ssl-images-amazon.com/images/G/33/gno/sprites/nav-sprite-global-1x-hm-dsk-reorg._CB405936847_.png,
https://images-na.ssl-images-amazon.com/images/G/33/img20/Buen_Fin/MasterSIM/Countdown/BFin_36Horas_Countdown_400x40._CB416354871_.jpg,Buen Fin
"https://images-na.ssl-images-amazon.com/images/I/81UgYuadkpL._AC_UL200_SR200,200_.jpg","Xiaomi Redmi Note 8 Pro, 64GB memoria/6GB RAM 6.53"" HDR, Helio G90T Octa-Core, Gris - Version Global Desbloqueado"
"https://images-na.ssl-images-amazon.com/images/I/71KKCMN9UFL._AC_UL200_SR200,200_.jpg","JETech Funda para iPhone XS y iPhone X, Carcasa Bumper, Shock-Absorción y Anti-Arañazos, Rojo"
"https://images-na.ssl-images-amazon.com/images/I/71qqy8kZlTL._AC_UL200_SR200,200_.jpg","Huawei Nova 3 PAR-LX9 Pantalla 6.3"" Camara Dual 24 Mpx 16 Mpx, 128 GB ROM 4GB Ram - Desbloqueado (Negro)"
"https://images-na.ssl-images-amazon.com/images/I/61rI5o2rbAL._AC_UL200_SR200,200_.jpg",Apple Smartphone iPhone XS MAX Plata - 256GB - Telcel Prepago
"https://images-na.ssl-images-amazon.com/images/I/81UgYuadkpL._AC_UL85_SR85,85_.jpg","Xiaomi Redmi Note 8 Pro, 64GB memoria/6GB RAM 6.53"" HDR, Helio G90T Octa-Core, Gris - Version Global Desbloqueado"
"https://images-na.ssl-images-amazon.com/images/I/61fPo-nBDBL._AC_UL85_SR85,85_.jpg","Samsung Galaxy S10 128GB SM-G973 6.1"" Dual Sim LTE Libre de Fabrica (Version Internacional) Verde"
"https://images-na.ssl-images-amazon.com/images/I/61rI5o2rbAL._AC_UL85_SR85,85_.jpg",Apple Smartphone iPhone XS MAX Plata - 256GB - Telcel Prepago
"https://images-na.ssl-images-amazon.com/images/I/81UgYuadkpL._AC_UL85_SR85,85_.jpg","Xiaomi Redmi Note 8 Pro, 64GB memoria/6GB RAM 6.53"" HDR, Helio G90T Octa-Core, Gris - Version Global Desbloqueado"
"https://images-na.ssl-images-amazon.com/images/I/61fPo-nBDBL._AC_UL85_SR85,85_.jpg","Samsung Galaxy S10 128GB SM-G973 6.1"" Dual Sim LTE Libre de Fabrica (Version Internacional) Verde"
"https://images-na.ssl-images-amazon.com/images/I/61WpoMEdpoL._AC_UL85_SR85,85_.jpg","Apple iPhone 7, 128GB, Silver - Fully unlocked- Desbloqueado(Renewed)"
"https://images-na.ssl-images-amazon.com/images/I/41W00aV%2BaJL._AC_UL200_SR200,200_.jpg",Operar manualmente Cepillo de Limpieza de Silicona Herramienta cosmética Removedor de Suciedad Facial Cepillo de Lavado…
"https://images-na.ssl-images-amazon.com/images/I/81FuLf%2BHM7L._AC_UL200_SR200,200_.jpg","GHIA Smartphone QS702 - Pantalla de 5.5"" HD IPS - 1GB de RAM - 8GB de Memoria - Dual SIM - Cámaras de 5mp/8mp - Wi-Fi…"
"https://images-na.ssl-images-amazon.com/images/I/61fPo-nBDBL._AC_UL200_SR200,200_.jpg","Samsung Galaxy S10 128GB SM-G973 6.1"" Dual Sim LTE Libre de Fabrica (Version Internacional) Verde"
"https://images-na.ssl-images-amazon.com/images/I/715ocHTopKL._AC_UL200_SR200,200_.jpg",Asus Zenfone 5Q
"https://images-na.ssl-images-amazon.com/images/I/61WpoMEdpoL._AC_UL200_SR200,200_.jpg","Apple iPhone 7, 128GB, Silver - Fully unlocked- Desbloqueado(Renewed)"
"https://images-na.ssl-images-amazon.com/images/I/51Z9s8oYeCL._AC_UL200_SR200,200_.jpg","Senwa S319 Smartphone Street 1.77"", 30 GB, color Negro/Naranja. Telcel/Desbloqueado"
"https://images-na.ssl-images-amazon.com/images/I/712WYNz6C0L._AC_UL200_SR200,200_.jpg",Smartphone Samsung Galaxy S8 Plus color negro. AT&T pre-pago
"https://images-na.ssl-images-amazon.com/images/I/51Pwe7f7RyL._AC_UL200_SR200,200_.jpg","Huawei E5785Lh-22c (Blanco) 300 Mbps 4G LTE Mobile WiFi (4G LTE en Europa, Asia, Oriente Medio, África y 3G Globalmente…"
"https://images-na.ssl-images-amazon.com/images/I/51xafStS7iL._AC_UL200_SR200,200_.jpg","TDORA Rastreador de Ejercicios, Reloj con podómetro y Pulsera Inteligente a Prueba de Agua IP67 con Monitor de presión…"
"https://images-na.ssl-images-amazon.com/images/I/51MTLfzlx4L._AC_UL200_SR200,200_.jpg","Polaroid POLC6PTA Polc6pta Equipo C6 LTE, Plata"
"https://images-na.ssl-images-amazon.com/images/I/41xy%2BBq-sBL._AC_UL200_SR200,200_.jpg","TDORA Rastreador de Ejercicios, Reloj con podómetro y Pulsera Inteligente a Prueba de Agua IP67 con Monitor de presión…"
"https://images-na.ssl-images-amazon.com/images/I/81SlE4wJ8DL._AC_UL200_SR200,200_.jpg",Smartphone Apple iPhone 8 plus 256GB color gris. Movistar pre-pago
"https://images-na.ssl-images-amazon.com/images/I/61RZHJatKEL._AC_UL200_SR200,200_.jpg",Apple iPhone 6 Dorado 64 GB (Renewed)
"https://images-na.ssl-images-amazon.com/images/I/51UkpDaCMKL._AC_UL200_SR200,200_.jpg",CLISPEED Rosa Bebé Cuna Móvil Campana de Viento de Madera Campana Vivero Móvil Cuna Cama Campana Dormitorio de Bebé…
"https://images-na.ssl-images-amazon.com/images/I/31Ed5pyuiVL._AC_UL200_SR200,200_.jpg","Apple iPhone 8 Plus 256GB, Color Dorado"
"https://images-na.ssl-images-amazon.com/images/I/71Q7Fm%2BkkGL._AC_UL200_SR200,200_.jpg",Smartphone Samsung Galaxy S8 color plata. AT&T pre-pago
"https://images-na.ssl-images-amazon.com/images/I/41JJB8Jr%2B5L._AC_UL200_SR200,200_.jpg","Apple APP-A2097- MT9E2LZ/A iPhone Xs, Space, Gray 64GB, Liberado"
"https://images-na.ssl-images-amazon.com/images/I/51cJfbdigeL._AC_UL200_SR200,200_.jpg","Smartphone P30 Lite Huawei Negro, 128 GB"
"https://images-na.ssl-images-amazon.com/images/I/31NTwK91paL._AC_UL200_SR200,200_.jpg",Apple Iphone 8 64GB color plata. AT&T prepago
"https://images-na.ssl-images-amazon.com/images/I/61XBaoLVNZL._AC_UL200_SR200,200_.jpg","Swiss Mobility Swissmobm9Ngo Swissmobm9Ngo Equipo M9 Lte, Negro"
"https://images-na.ssl-images-amazon.com/images/I/51MouHYGWKL._AC_UL200_SR200,200_.jpg","Huawei e5785lh-22 C Hotspot WiFi, Negro"
"https://images-na.ssl-images-amazon.com/images/I/71RYhD1uzpL._AC_UL200_SR200,200_.jpg","Apple iPhone 7, 128GB, Gold - For AT&T / T-Mobile (Renewed)"
"https://images-na.ssl-images-amazon.com/images/I/51PGkD9cphL._AC_UL200_SR200,200_.jpg","Smartphone Huawei P30 Lite Morado, 128 GB"
"https://images-na.ssl-images-amazon.com/images/I/61IxOpceG9L._AC_UL200_SR200,200_.jpg",Apple Smartphone iPhone XS Gris Espacial - 64GB - Telcel Prepago
"https://images-na.ssl-images-amazon.com/images/I/21OxF2OVreL._AC_UL200_SR200,200_.jpg",Alcatel Smartphone A3 Plus 3g 5011 Negro AT&T pre-Pago
"https://images-na.ssl-images-amazon.com/images/I/41EIRSCdY-L._AC_UL200_SR200,200_.jpg","TDORA Rastreador de Ejercicios, Reloj con podómetro y Pulsera Inteligente a Prueba de Agua IP67 con Monitor de presión…"
"https://images-na.ssl-images-amazon.com/images/I/71%2B3w6OmA6L._AC_UL200_SR200,200_.jpg",Smartphone Apple iPhone 7 plus 32 GB color negro. Telcel pre-pago
"https://images-na.ssl-images-amazon.com/images/I/61NTeCAZQXL._AC_UL200_SR200,200_.jpg","Lenovo 4203065 4203065 Tab V7 Pb-6505M 6.9” 3Gb 32Gb Teléfono Móvil Dual Sim, Negro"
"https://images-na.ssl-images-amazon.com/images/I/814ALXDvpSL._AC_UL200_SR200,200_.jpg",Hisense Smartphone U963 Dorado AT&T pre-Pago
"https://images-na.ssl-images-amazon.com/images/I/81huWyIXx4L._AC_UL200_SR200,200_.jpg",SAMSUNG GALAXY S8 PLUS G955F ORO
"https://images-na.ssl-images-amazon.com/images/I/61NhKRmmfBL._AC_UL200_SR200,200_.jpg",Apple Smartphone iPhone XS Plata - 64GB - Telcel Prepago
"https://images-na.ssl-images-amazon.com/images/I/61VO8vLd7XL._AC_UL200_SR200,200_.jpg","Samsung SM-G975F Smartphone Galaxy S10 AT&T/Prepago con Bundle Bud, 6.4"", Color Azul"
"https://images-na.ssl-images-amazon.com/images/I/51xafStS7iL._AC_UL200_SR200,200_.jpg","Pulsera inteligente, rastreador de actividad a prueba de agua Monitor de ritmo cardíaco con monitor de sueño, contador…"
"https://images-na.ssl-images-amazon.com/images/I/31r8QsQgMML._AC_UL200_SR200,200_.jpg","Samsung SM-G9650 Galaxy S9 Plus - Smartphone 64 GB, Octa Core de 2.5GHa, 12 MP, Android 8 Oreo, AT&T/Prepago, Morado, 6…"
"https://images-na.ssl-images-amazon.com/images/I/51xkMbRYJnL._AC_UL200_SR200,200_.jpg",Samsung- Smartphone Galaxy S10e 128 GB Amarillo
"https://images-na.ssl-images-amazon.com/images/I/41VH21vlsyL._AC_UL200_SR200,200_.jpg","TDORA Rastreador de Ejercicios, Reloj con podómetro y Pulsera Inteligente a Prueba de Agua IP67 con Monitor de presión…"
"https://images-na.ssl-images-amazon.com/images/I/311VbxJgvqL._AC_UL200_SR200,200_.jpg","Samsung Galaxy S8 - Smartphone, color Gris Orquidia, Telcel Pre-pago"
"https://images-na.ssl-images-amazon.com/images/I/41YChKsRYKL._AC_UL200_SR200,200_.jpg","Blade A6 Plata 16GB 5.2"" FullHD 13 Mpx RAM 2GB RAM 16GB más microSD hasta 128GB"
"https://images-na.ssl-images-amazon.com/images/I/51Y8ODsK6FL._AC_UL200_SR200,200_.jpg","LG Q6 PRIME M700H COLOR GRIS - PANTALLA 5"" - CAMARA FRONTAL 5MPX CON GRAN ANGULAR 100° Y TRASERA 13MPX - OCTACORE"
"https://images-na.ssl-images-amazon.com/images/I/61Oj5%2BRr1KL._AC_UL200_SR200,200_.jpg",Smartphone Samsung Galaxy S8 color negro. Versión internacional
"https://images-na.ssl-images-amazon.com/images/I/31N7hdCsROL._AC_UL200_SR200,200_.jpg","Samsung SM-G9650 Smartphone Galaxy S9 Plus 6.2"", color Negro. AT&T/Prepago"
"https://images-na.ssl-images-amazon.com/images/I/81NIinfhx4L._AC_UL200_SR200,200_.jpg",Hisense Smartphone U963 Negro AT&T pre-Pago
"https://images-na.ssl-images-amazon.com/images/I/61BeFQhKlJL._AC_UL200_SR200,200_.jpg",Smartphone Apple iPhone 8 64GB color dorado (AT&T)
"https://images-na.ssl-images-amazon.com/images/I/51pYtzMePOL._AC_UL200_SR200,200_.jpg","Samsung Galaxy S8 - Smartphone, color Gris Orquidia, Versión internacional"
"https://images-na.ssl-images-amazon.com/images/I/31buI9RgtgL._AC_UL200_SR200,200_.jpg",Lamijma 1 par de Pendientes de Plata con Gotas de Agua/lágrima/Gota de Lluvia para Mujeres niñas Accesorios de Boda
"https://images-na.ssl-images-amazon.com/images/I/61IxOpceG9L._AC_UL200_SR200,200_.jpg",Apple Smartphone iPhone XS Gris Espacial - 512GB - Telcel Prepago
https://images-na.ssl-images-amazon.com/images/G/33/personalization/ybh/loading-4x-gray._CB485916902_.gif,imagealt
/rd/uedata?noscript&id=8FVGZJ25DJT6FP35KRY7&pty=zeitgeist&spty=bs&pti=electronics,imagealt
//fls-na.amazon.com.mx/1/batch/1/OP/A1AM78C64UM0Y8:146-5372483-6076421:8FVGZJ25DJT6FP35KRY7$uedata=s:%2Frd%2Fuedata%3Fnoscript%26id%3D8FVGZJ25DJT6FP35KRY7%26pty%3Dzeitgeist%26spty%3Dbs%26pti%3Delectronics:2000,imagealt
https://images-na.ssl-images-amazon.com/images/G/33/gno/sprites/nav-sprite-global-1x-hm-dsk-reorg._CB405936847_.png,
https://images-na.ssl-images-amazon.com/images/G/33/img20/Buen_Fin/MasterSIM/Countdown/BFin_36Horas_Countdown_400x40._CB416354871_.jpg,Buen Fin
"https://images-na.ssl-images-amazon.com/images/I/31k-Aos8XML._AC_UL200_SR200,200_.jpg","SAMSUNG SM-G9600 Smartphone Galaxy S9 S 5.8"", Color Morado. AT&T/Prepago"
"https://images-na.ssl-images-amazon.com/images/I/61Yz1jppwdL._AC_UL200_SR200,200_.jpg",Smartphone Samsung Galaxy S8 color negro. AT&T pre-pago
"https://images-na.ssl-images-amazon.com/images/I/61ezYB5jJWL._AC_UL200_SR200,200_.jpg",Apple Smartphone iPhone XS Oro - 64GB - Telcel Prepago
"https://images-na.ssl-images-amazon.com/images/I/61NhKRmmfBL._AC_UL200_SR200,200_.jpg",Apple Smartphone iPhone XS Plata - 512GB - Telcel Prepago
"https://images-na.ssl-images-amazon.com/images/I/81UgYuadkpL._AC_UL85_SR85,85_.jpg","Xiaomi Redmi Note 8 Pro, 64GB memoria/6GB RAM 6.53"" HDR, Helio G90T Octa-Core, Gris - Version Global Desbloqueado"
"https://images-na.ssl-images-amazon.com/images/I/61fPo-nBDBL._AC_UL85_SR85,85_.jpg","Samsung Galaxy S10 128GB SM-G973 6.1"" Dual Sim LTE Libre de Fabrica (Version Internacional) Verde"
"https://images-na.ssl-images-amazon.com/images/I/61rI5o2rbAL._AC_UL85_SR85,85_.jpg",Apple Smartphone iPhone XS MAX Plata - 256GB - Telcel Prepago
"https://images-na.ssl-images-amazon.com/images/I/81UgYuadkpL._AC_UL85_SR85,85_.jpg","Xiaomi Redmi Note 8 Pro, 64GB memoria/6GB RAM 6.53"" HDR, Helio G90T Octa-Core, Gris - Version Global Desbloqueado"
"https://images-na.ssl-images-amazon.com/images/I/61fPo-nBDBL._AC_UL85_SR85,85_.jpg","Samsung Galaxy S10 128GB SM-G973 6.1"" Dual Sim LTE Libre de Fabrica (Version Internacional) Verde"
"https://images-na.ssl-images-amazon.com/images/I/61WpoMEdpoL._AC_UL85_SR85,85_.jpg","Apple iPhone 7, 128GB, Silver - Fully unlocked- Desbloqueado(Renewed)"
"https://images-na.ssl-images-amazon.com/images/I/61vZ61imCPL._AC_UL200_SR200,200_.jpg",Apple Smartphone iPhone 8 Plus 64GB Color Gris. Desbloqueado o Liberado
"https://images-na.ssl-images-amazon.com/images/I/31djxUtIq3L._AC_UL200_SR200,200_.jpg","Samsung Galaxy J7 Prime, 32 Gb, 3 Gb Ram, Cámara de 13 MPX, Lector de huella dactilar,Pantalla brillante 1080p Full HD…"
"https://images-na.ssl-images-amazon.com/images/I/71UDatfCCpL._AC_UL200_SR200,200_.jpg",ZTE Smartphone Blade L110 Negro AT&T pre-Pago
"https://images-na.ssl-images-amazon.com/images/I/31Pvw14nx1L._AC_UL200_SR200,200_.jpg","Apple iPhone 7 plus 128 GB, rosa dorado"
"https://images-na.ssl-images-amazon.com/images/I/51xHLxgGgkL._AC_UL200_SR200,200_.jpg","Smartphone Apple iPhone 7 32 GB, plateado. Telcel pre-pago"
"https://images-na.ssl-images-amazon.com/images/I/418ZGBsqCnL._AC_UL200_SR200,200_.jpg","Hisense F23 - Smartphone 5.5"", 2GB RAM, 16GB ROM, Quad-core 1.3GHz, Dorado"
"https://images-na.ssl-images-amazon.com/images/I/81wxIgEOKcL._AC_UL200_SR200,200_.jpg",Smartphone Apple iPhone 8 plus 64GB color plata. Movistar pre-pago
"https://images-na.ssl-images-amazon.com/images/I/61Y%2BNMuv05L._AC_UL200_SR200,200_.jpg",Apple Smartphone iPhone XS MAX Gris Espacial - 64 GB - Telcel Prepago
"https://images-na.ssl-images-amazon.com/images/I/713BLHZNbCL._AC_UL200_SR200,200_.jpg",Smartphone Samsung Galaxy S8 Plus color plata. AT&T pre-pago
"https://images-na.ssl-images-amazon.com/images/I/31SBF7TOkdL._AC_UL200_SR200,200_.jpg","Smartphone Samsung Galaxy S8, color negro. Telcel pre-pago."
"https://images-na.ssl-images-amazon.com/images/I/61kSwEUN-LL._AC_UL200_SR200,200_.jpg",Apple Smartphone iPhone XS MAX Oro - 256GB - Telcel Prepago
"https://images-na.ssl-images-amazon.com/images/I/416ntfTxfZL._AC_UL200_SR200,200_.jpg",ZTE Smartphone Blade A521 Blanco AT&T pre-Pago
"https://images-na.ssl-images-amazon.com/images/I/61AUCF1GWwL._AC_UL200_SR200,200_.jpg",Hisense Smartphone F20 Negro AT&T pre-Pago
"https://images-na.ssl-images-amazon.com/images/I/71%2B3w6OmA6L._AC_UL200_SR200,200_.jpg","Apple iPhone 7 plus 256 GB, negro"
"https://images-na.ssl-images-amazon.com/images/I/41co2FtpNRL._AC_UL200_SR200,200_.jpg","Samsung SM-G9650 Smartphone Galaxy S9+ 6.2"", color Negro. Telcel"
"https://images-na.ssl-images-amazon.com/images/I/71LrrVpuMkL._AC_UL200_SR200,200_.jpg",Smartphone Apple iPhone 8 64GB color gris. AT&T pre-pago
"https://images-na.ssl-images-amazon.com/images/I/81jvEY2yw%2BL._AC_UL200_SR200,200_.jpg","GHIA Smartphone 3G - Pantalla de 5"" - 1GB de RAM - 8GB de Memoria - Dual SIM - Cámara de 2.08mp - Wi-Fi - Bluetooth…"
"https://images-na.ssl-images-amazon.com/images/I/51g6CNNep0L._AC_UL200_SR200,200_.jpg","Samsung SM-G9600 Smartphone Galaxy S9 5.8"", color Gris. Telcel"
"https://images-na.ssl-images-amazon.com/images/I/61r%2BDwYYYUL._AC_UL200_SR200,200_.jpg","Xiaomi 5 Plus Smartphone 5.9"", Color Azul. Telcel/Desbloqueado"
"https://images-na.ssl-images-amazon.com/images/I/51WMaE0DPiL._AC_UL200_SR200,200_.jpg",Apple iPhone 8 Plus 64 GB dorado
"https://images-na.ssl-images-amazon.com/images/I/61ezYB5jJWL._AC_UL200_SR200,200_.jpg",Apple Smartphone iPhone XS Oro - 256GB - Telcel Prepago
"https://images-na.ssl-images-amazon.com/images/I/41co2FtpNRL._AC_UL200_SR200,200_.jpg","Samsung SM-G9600 Smartphone Galaxy S9 5.8"", color Negro. Telcel"
"https://images-na.ssl-images-amazon.com/images/I/41CVYO46dWL._AC_UL200_SR200,200_.jpg",Smartphone Apple iPhone 8 Plus 256GB color gris. AT&T pre-pago
"https://images-na.ssl-images-amazon.com/images/I/51z00fPJbML._AC_UL200_SR200,200_.jpg","Lanix Ilium M5 Smartphone 5.5"", Ilium M5 16 GB, Color Gris. Telcel/Desbloqueado"
"https://images-na.ssl-images-amazon.com/images/I/31dL24WgS1L._AC_UL200_SR200,200_.jpg","Smartphone Samsung Galaxy S8, color plateado. Telcel pre-pago"
"https://images-na.ssl-images-amazon.com/images/I/61Y%2BNMuv05L._AC_UL200_SR200,200_.jpg",Apple Smartphone iPhone XS MAX Gris Espacial - 256GB - Telcel Prepago
"https://images-na.ssl-images-amazon.com/images/I/51-XBLc15%2BL._AC_UL200_SR200,200_.jpg",Smartphone Apple iPhone 8 Plus 64GB color plata. AT&T pre-pago
"https://images-na.ssl-images-amazon.com/images/I/41r3sMIcnwL._AC_UL200_SR200,200_.jpg",Hisense Smartphone L675 Pro Gris AT&T pre-Pago
"https://images-na.ssl-images-amazon.com/images/I/81wxIgEOKcL._AC_UL200_SR200,200_.jpg","Smartphone Apple iPhone 8 Plus 256GB, Color Plata, AT&T Prepago"
"https://images-na.ssl-images-amazon.com/images/I/31UVp4vcxAL._AC_UL200_SR200,200_.jpg","SAMSUNG SM-G9600 Smartphone Galaxy 5.8"", Color Gris. AT&T/Prepago"
"https://images-na.ssl-images-amazon.com/images/I/61rkf8Eq6fL._AC_UL200_SR200,200_.jpg","Alcatel ALC5033 Alc5033 Equipo 5033A LTE, Rosa"
"https://images-na.ssl-images-amazon.com/images/I/31Pvw14nx1L._AC_UL200_SR200,200_.jpg","Apple iPhone 7 plus 32 GB, rosa dorado"
"https://images-na.ssl-images-amazon.com/images/I/81NvX%2BgrHWL._AC_UL200_SR200,200_.jpg",Apple iPhone 6 - Smartphone
"https://images-na.ssl-images-amazon.com/images/I/41bLA6x5JgL._AC_UL200_SR200,200_.jpg",Hisense Smartphone U963 Rosa AT&T pre-Pago
"https://images-na.ssl-images-amazon.com/images/I/51PVVDM9x6L._AC_UL200_SR200,200_.jpg","Smartphone Apple iPhone 7 128 GB, dorado. Telcel pre-pago"
"https://images-na.ssl-images-amazon.com/images/I/61kSwEUN-LL._AC_UL200_SR200,200_.jpg",Apple Smartphone iPhone XS MAX Oro - 64GB - Telcel Prepago
"https://images-na.ssl-images-amazon.com/images/I/61fTLHIaW%2BL._AC_UL200_SR200,200_.jpg",Samsung- Smartphone Galaxy A 30 32 GB Negro
"https://images-na.ssl-images-amazon.com/images/I/61ezYB5jJWL._AC_UL200_SR200,200_.jpg",Apple Smartphone iPhone XS Oro - 512GB - Telcel Prepago
"https://images-na.ssl-images-amazon.com/images/I/41xXVO6N81L._AC_UL200_SR200,200_.jpg",motorola Smartphone Moto Z2 Play xt171006 Gris AT&T pre-Pago
"https://images-na.ssl-images-amazon.com/images/I/41IORsv4DBL._AC_UL200_SR200,200_.jpg",motorola Smartphone Moto C xt1756 Negro AT&T pre-Pago
"https://images-na.ssl-images-amazon.com/images/I/31NTwK91paL._AC_UL200_SR200,200_.jpg",Smartphone Apple iPhone 8 256GB color plata. AT&T pre-pago
"https://images-na.ssl-images-amazon.com/images/I/41ZYRUWMtIL._AC_UL200_SR200,200_.jpg",Hisense Smartphone L675 Pro Plata AT&T pre-Pago
"https://images-na.ssl-images-amazon.com/images/I/411uxEX4PCL._AC_UL200_SR200,200_.jpg",HUAWEI Smartphone P10 Lite Azul AT&T pre-Pago
"https://images-na.ssl-images-amazon.com/images/I/411te0WVwBL._AC_UL200_SR200,200_.jpg",Samsung Smartphone Grand Prime Plus smg532m Dorado AT&T pre-Pago
"https://images-na.ssl-images-amazon.com/images/I/61NhKRmmfBL._AC_UL200_SR200,200_.jpg",Apple Smartphone iPhone XS Plata - 256GB - Telcel Prepago
"https://images-na.ssl-images-amazon.com/images/I/51xHLxgGgkL._AC_UL200_SR200,200_.jpg","Smartphone Apple iPhone 7 128 GB, plateado. Telcel pre-pago …"
https://images-na.ssl-images-amazon.com/images/G/33/personalization/ybh/loading-4x-gray._CB485916902_.gif,imagealt
/rd/uedata?noscript&id=7BWTZ9VHFPAXHCZ9BBW6&pty=zeitgeist&spty=bs&pti=electronics,imagealt
//fls-na.amazon.com.mx/1/batch/1/OP/A1AM78C64UM0Y8:146-5372483-6076421:7BWTZ9VHFPAXHCZ9BBW6$uedata=s:%2Frd%2Fuedata%3Fnoscript%26id%3D7BWTZ9VHFPAXHCZ9BBW6%26pty%3Dzeitgeist%26spty%3Dbs%26pti%3Delectronics:2000,imagealt
