Laptop Img,Alt Text
https://images-na.ssl-images-amazon.com/images/G/33/gno/sprites/nav-sprite-global-1x-hm-dsk-reorg._CB405936847_.png,
https://images-na.ssl-images-amazon.com/images/G/33/img20/Buen_Fin/MasterSIM/Countdown/BFin_36Horas_Countdown_400x40._CB416354871_.jpg,Buen Fin
"https://images-na.ssl-images-amazon.com/images/I/71vvXGmdKWL._AC_UL200_SR200,200_.jpg","Acer Aspire 5 Slim - visualización IPS Full HD de 15,6 Pulgadas, AMD Ryzen 5 3500U, Vega 8 Graphics, 8GB DDR4, 256 GB…"
"https://images-na.ssl-images-amazon.com/images/I/712QuIJM7KL._AC_UL200_SR200,200_.jpg","LAPTOP GAMING MSI GF63 Thin 10SCSR-456MX 15.6"" FHD, IPS, NVIDIA GEFORCE GTX1650 TI MAX-Q 4GB, INTEL CORE i7-10750H, RAM…"
"https://images-na.ssl-images-amazon.com/images/I/61vIVmO7OHL._AC_UL200_SR200,200_.jpg","Lenovo Laptop IP 3-14IIL Intel Ci5, RAM 12GB, SDD 256GB, Windows 10, Azul"
"https://images-na.ssl-images-amazon.com/images/I/51dOURE3uLL._AC_UL200_SR200,200_.jpg","HUAWEI Matebook 13 2020 - Computadora portátil Ultra Delgada 13"", Intel Core i5-10210U, Windows 10, 512 GB SSD + 8 GB…"
"https://images-na.ssl-images-amazon.com/images/I/712QuIJM7KL._AC_UL85_SR85,85_.jpg","LAPTOP GAMING MSI GF63 Thin 10SCSR-456MX 15.6"" FHD, IPS, NVIDIA GEFORCE GTX1650 TI MAX-Q 4GB, INTEL CORE i7-10750H, RAM…"
"https://images-na.ssl-images-amazon.com/images/I/61vIVmO7OHL._AC_UL85_SR85,85_.jpg","Lenovo Laptop IP 3-14IIL Intel Ci5, RAM 12GB, SDD 256GB, Windows 10, Azul"
"https://images-na.ssl-images-amazon.com/images/I/712QuIJM7KL._AC_UL85_SR85,85_.jpg","LAPTOP GAMING MSI GF63 Thin 10SCSR-457MX 15.6"" FHD, IPS, NVIDIA GEFORCE GTX1650 TI MAX-Q 4GB, INTEL CORE i5-10300H, RAM…"
"https://images-na.ssl-images-amazon.com/images/I/71vvXGmdKWL._AC_UL85_SR85,85_.jpg","Acer Aspire 5 Slim - visualización IPS Full HD de 15,6 Pulgadas, AMD Ryzen 5 3500U, Vega 8 Graphics, 8GB DDR4, 256 GB…"
"https://images-na.ssl-images-amazon.com/images/I/7132lTn3fOL._AC_UL85_SR85,85_.jpg","Asus Laptop Gamer TUF 15.6"", GeForce GTX 1650, Ryzen 7 , 8GB RAM, 256 GB SSD, FX505DT-BQ155T"
"https://images-na.ssl-images-amazon.com/images/I/61vIVmO7OHL._AC_UL85_SR85,85_.jpg","Lenovo Laptop IP 3-14IIL Intel Ci5, RAM 12GB, SDD 256GB, Windows 10, Azul"
"https://images-na.ssl-images-amazon.com/images/I/7132lTn3fOL._AC_UL200_SR200,200_.jpg","Asus Laptop Gamer TUF 15.6"", GeForce GTX 1650, Ryzen 7 , 8GB RAM, 256 GB SSD, FX505DT-BQ155T"
"https://images-na.ssl-images-amazon.com/images/I/712QuIJM7KL._AC_UL200_SR200,200_.jpg","LAPTOP GAMING MSI GF63 Thin 10SCSR-457MX 15.6"" FHD, IPS, NVIDIA GEFORCE GTX1650 TI MAX-Q 4GB, INTEL CORE i5-10300H, RAM…"
"https://images-na.ssl-images-amazon.com/images/I/71vvXGmdKWL._AC_UL200_SR200,200_.jpg","Acer Aspire 5 Slim - visualización IPS Full HD de 15,6 Pulgadas, AMD Ryzen 7 3700U, RX Vega 10 gráficos, 8GB DDR4, 512…"
"https://images-na.ssl-images-amazon.com/images/I/61%2BLliKJpyL._AC_UL200_SR200,200_.jpg","Huawei MateBook D 15"" - AMD Ryzen, Windows 10 - 8+256 GB,15.6 pulgadas, Color Plateado (Mystic Silver)"
"https://images-na.ssl-images-amazon.com/images/I/51jeoMkZiKL._AC_UL200_SR200,200_.jpg","2020 Lenovo IdeaPad Laptop ComputerAMD A6-9220e 1.6GHz 4GB Memory 64GB eMMC Flash Memory 14"" AMD Radeon R4 AC WiFi…"
"https://images-na.ssl-images-amazon.com/images/I/616lp68ZrQL._AC_UL200_SR200,200_.jpg","Dell Inspiron 5391 13"" Core i7 10a. Gen., 8GB RAM, 512 SSD, Windows 10. Incluye Monitor de 20"""
"https://images-na.ssl-images-amazon.com/images/I/61c1UTa9fwL._AC_UL200_SR200,200_.jpg","Acer Aspire 5 A515-44-R2SA, 15.6"", Full HD, AMD Ryzen 7 4700U Octa-Core Procesador móvil con Radeon Graphics, 8GB DDR4…"
"https://images-na.ssl-images-amazon.com/images/I/51RP5cuwFXL._AC_UL200_SR200,200_.jpg","HP COMHPI970 Laptop - 14"", Intel Celeron, N4000, 4 GB, Windows 10 Home, 500 GB"
"https://images-na.ssl-images-amazon.com/images/I/51dOURE3uLL._AC_UL200_SR200,200_.jpg","Huawei Matebook 13 2020 -Laptop 13"" Procesador Amd Ryzen 5 3500U, Windows 10, Memoria De 256 Gb Rom + 8 Gb Ram, Gpu…"
"https://images-na.ssl-images-amazon.com/images/I/81M%2BO6xJ0UL._AC_UL200_SR200,200_.jpg","HP Pavilion Laptop, Pantalla de 15"" FHD, Procesador AMD Ryzen 7 3700U(2a), 16GB RAM, 1TB+128GB SSD, Sistema operativo…"
"https://images-na.ssl-images-amazon.com/images/I/719Xp9IGIVL._AC_UL200_SR200,200_.jpg","Lenovo IdeaPad 3 2020 - visualización táctil HD de 15 Pulgadas, Intel 10ª generación Dual-Core i3-1005G1 CPU, 8GB DDR4…"
"https://images-na.ssl-images-amazon.com/images/I/61oQOVvXg7L._AC_UL200_SR200,200_.jpg",Dell Gaming G3 15 3500 Intel Core I5 8Gb 256Gb Blanco
"https://images-na.ssl-images-amazon.com/images/I/81Y6WZhCuDL._AC_UL200_SR200,200_.jpg","HP Laptop 14 pulgadas, Ryzen 3 3200U hasta 3,5 GHz, AMD Radeon Vega 3 Graphics, 4GB SDRAM, SSD de 128 GB, WiFi, cámara…"
"https://images-na.ssl-images-amazon.com/images/I/51u5n--kWWL._AC_UL200_SR200,200_.jpg","Asus Laptop VivoBook S, 15"", Core i7 10a Gen, 12GB RAM, 512GB SSD, ScreenPad 2.0, Plata, S532FA-BN160T"
"https://images-na.ssl-images-amazon.com/images/I/611KJn0s%2BKL._AC_UL200_SR200,200_.jpg","Dell Laptop G3 15.6"" Core i5 10a. Gen. 8GB RAM, 256 SSD, NVIDIA GEFORCE GTX 1650, Windows 10 - Blanco."
"https://images-na.ssl-images-amazon.com/images/I/81vZwh2qvtL._AC_UL200_SR200,200_.jpg","msi Laptop Content Creation Modern 14 B10RBSW-024MX 14"" FHD, IPS, NVIDIA GEFORCE MX350 GDDR5 2GB, Intel Core I7-10510U…"
"https://images-na.ssl-images-amazon.com/images/I/71SZpMT7k3L._AC_UL200_SR200,200_.jpg","HP visualización Insignia Chromebook, 11,6"" HD (1366 x 768), procesador Intel Celeron N3350, 4GB LPDDR2, 32GB eMMC…"
"https://images-na.ssl-images-amazon.com/images/I/61UVAs3Qk-L._AC_UL200_SR200,200_.jpg",Samsung Chromebook 4 Chrome OS 11.6 Pulgadas HD Intel Celeron Processor N4000 4GB RAM 32GB eMMC Gigabit Wi-Fi - XE310XBA…
"https://images-na.ssl-images-amazon.com/images/I/81p0gzNy7AL._AC_UL200_SR200,200_.jpg","Lenovo ideapad S145 pantalla 15.6 pulgadas, laptop IPS, procesador Intel Core 10ª generación i3-1005G1 de doble núcleo…"
"https://images-na.ssl-images-amazon.com/images/I/61VKlb8hKyL._AC_UL200_SR200,200_.jpg","Dell Laptop Inspiron 3505 AMD Athlon Silver, 8GB RAM, 256GB SSD, Win 10 - Plata."
"https://images-na.ssl-images-amazon.com/images/I/712QuIJM7KL._AC_UL200_SR200,200_.jpg","LAPTOP GAMING MSI GF63 Thin 10SCSR-610MX 15.6"" FHD, IPS, NVIDIA GEFORCE GTX1650TI MAX-Q 4GB, INTEL CORE i5-10300H, RAM…"
"https://images-na.ssl-images-amazon.com/images/I/71sRJdOEUEL._AC_UL200_SR200,200_.jpg","Dell Laptop G5 Core i7 10a. Gen,16 GB RAM, 512SSD, NVIDIA GEFORCE GTX 1660 Ti, Win 10 - Negro"
"https://images-na.ssl-images-amazon.com/images/I/71QOu1OVbdL._AC_UL200_SR200,200_.jpg","Acer Aspire 5, 15.6"" Full HD IPS Display, AMD Ryzen 3 3200U, Vega 3 Graphics, 4GB DDR4, 128GB SSD, retroiluminado…"
"https://images-na.ssl-images-amazon.com/images/I/71vvXGmdKWL._AC_UL200_SR200,200_.jpg","Acer Aspire 5 Slim Laptop 15.6"" Full HD IPS visualización, AMD Ryzen 3 3200U, Vega 3 Graphics, 4 GB DDR4, 128 GB SSD…"
"https://images-na.ssl-images-amazon.com/images/I/61gyGLERUKL._AC_UL200_SR200,200_.jpg","Portátil Dell Latitude E7470 de 14 pulgadas, Core i5-6300U 2,4 GHz, 8GB de RAM, 256 GB SSD, Windows 10 Pro 64 bits…"
"https://images-na.ssl-images-amazon.com/images/I/71-PjLUeO%2BL._AC_UL200_SR200,200_.jpg","Asus Vivobook S15 S512 Delgado y Ligero, i7 | 256 G SSD + 1T HDD | GeForce MX250, 15-15.99 Inches"
"https://images-na.ssl-images-amazon.com/images/I/71Qr5HOVCzL._AC_UL200_SR200,200_.jpg",Dell Gaming G3 15 3500 Intel Core I5 8Gb 256Gb Negro
"https://images-na.ssl-images-amazon.com/images/I/51ahxhXgn1L._AC_UL200_SR200,200_.jpg","Laptop Asus Vivobook , 15"", Core I3 10Th, 12Gb Ram, 1Tb Hd +128Gb Ssd, Transparent Silver, X512Ja-Br116T"
"https://images-na.ssl-images-amazon.com/images/I/61u9YxmwMCL._AC_UL200_SR200,200_.jpg","Huawei Matebook D 14"", Amd Ryzen, Windows 10, Ssd 512 Gb 8Gb Ram, Color Plateado (Mystic Silver)"
"https://images-na.ssl-images-amazon.com/images/I/71Ni0lpcziL._AC_UL200_SR200,200_.jpg","Apple MacBook Pro (de 16 pulgadas, Touch Bar, Procesador Intel Core i7 de 6 núcleos y 2.6 GHz, 16 GB RAM, 512 GB) - Gris…"
"https://images-na.ssl-images-amazon.com/images/I/61bm32Q4E8L._AC_UL200_SR200,200_.jpg","Acer Aspire 3 Core I3-1005G1; Pantalla 15.6"" HD; 8 GB RAM; 1 TB HDD"
"https://images-na.ssl-images-amazon.com/images/I/81nx6wz7GjL._AC_UL200_SR200,200_.jpg",Lenovo IdeaPad S340 Intel Core i3-8145u 8. generación 4 GB DDR4 1TB HDD 15.6-inch HD Windows 10 Slim Laptop Platinum…
"https://images-na.ssl-images-amazon.com/images/I/61oWaXNhd1L._AC_UL200_SR200,200_.jpg","Huawei MateBook D 15"" AMD Ryzen 5, Windows 10,512GB SSD, 8GB RAM,15.6 Pulgadas, Color Gris"
"https://images-na.ssl-images-amazon.com/images/I/71UQxg0JFCL._AC_UL200_SR200,200_.jpg","Lenovo IdeaPad 3 Laptop de 14 pulgadas, FHD de 14 pulgadas (1920 x 1080) AMD Ryzen 5 3500U 8GB DDR4 RAM, 256GB SSD, AMD…"
"https://images-na.ssl-images-amazon.com/images/I/71V4812suvL._AC_UL200_SR200,200_.jpg","HP 2020 Newest Pavilion X360 2 en 1 convertible portátil de visualización táctil HD de 14"", 10ª generación Intel Core i3…"
"https://images-na.ssl-images-amazon.com/images/I/61v7118cDKL._AC_UL200_SR200,200_.jpg","Dell Latitude 14 7000 Business UltraBook visualización de vidrio líquido de 14 pulgadas (1366x768), Intel Core i5-5300U…"
"https://images-na.ssl-images-amazon.com/images/I/717ywJDnAHL._AC_UL200_SR200,200_.jpg","HP Pavilion Intel Pentium Gold 4417U 4 GB 500 GB 15.6-inch DVD Windows 10 Laptop, Blanco crudo, 15-15.99 inches (Renewed…"
"https://images-na.ssl-images-amazon.com/images/I/81Vtd8etZtL._AC_UL200_SR200,200_.jpg","Lenovo Thinkpad X131e Chromebook de 11.6 pulgadas LED Intel Celeron Dual Core 1,50 gHz modelo 628323u (Renewed)"
"https://images-na.ssl-images-amazon.com/images/I/61ViOMIUhmL._AC_UL200_SR200,200_.jpg","Lenovo Chromebook S330 Laptop, Pantalla FHD de 14 Pulgadas (1920 x 1080), procesador MediaTek MT8173C, 4GB LPDDR3, 64GB…"
"https://images-na.ssl-images-amazon.com/images/I/810R8jfOCqL._AC_UL200_SR200,200_.jpg","Asus Chromebook Laptop- 14 Pulgadas HD 180 Grados NanoEdge, procesador Intel Dual Core Celeron N3350, 4 GB RAM, 32 GB de…"
"https://images-na.ssl-images-amazon.com/images/I/71dqjxW8g5L._AC_UL200_SR200,200_.jpg","Lenovo IdeaPad 3 portátil de 14"", visualización FHD 1920 x 1080, procesador AMD Ryzen 5 3500U, 8 GB DDR4 RAM, 256 GB SSD…"
"https://images-na.ssl-images-amazon.com/images/I/714fEqLQJCL._AC_UL200_SR200,200_.jpg","Dell Latitude 5480 14 pulgadas, Core i5-6200U 2,3 GHz, 8 GB Ram, 256 GB SSD, Windows 10 Pro 64 bits (Renewed)"
"https://images-na.ssl-images-amazon.com/images/I/31lliPCo43L._AC_UL200_SR200,200_.jpg","Lenovo Laptop IdeaPad L340-15API 15.6"", AMD RYZEN 5, RAM 8GB,2TB HDD Abyss Blue"
"https://images-na.ssl-images-amazon.com/images/I/61%2BLliKJpyL._AC_UL200_SR200,200_.jpg","Huawei MateBook D 15"" - AMD Ryzen, Windows 10-1TB+256 GB, 8GB RAM,15.6 Pulgadas, Color Plateado (Mystic Silver)"
"https://images-na.ssl-images-amazon.com/images/I/716sLNiFKWL._AC_UL200_SR200,200_.jpg","Notebook IdeaPad S340-15IIL Ci5, 12 GB, 1 TB DD"
"https://images-na.ssl-images-amazon.com/images/I/8133cgtdGnL._AC_UL200_SR200,200_.jpg","HP Laptop de 15,6 pulgadas (AMD Quad-Core Ryzen 5 3500U, 8GB RAM, 256 GB SSD, HDMI, WiFi, Bluetooth, cámara web HD…"
https://images-na.ssl-images-amazon.com/images/G/33/personalization/ybh/loading-4x-gray._CB485916902_.gif,imagealt
/rd/uedata?noscript&id=SYD7ZRPFM4MR7YPN1TJ1&pty=zeitgeist&spty=bs&pti=electronics,imagealt
//fls-na.amazon.com.mx/1/batch/1/OP/A1AM78C64UM0Y8:139-7113026-3900600:SYD7ZRPFM4MR7YPN1TJ1$uedata=s:%2Frd%2Fuedata%3Fnoscript%26id%3DSYD7ZRPFM4MR7YPN1TJ1%26pty%3Dzeitgeist%26spty%3Dbs%26pti%3Delectronics:2000,imagealt
https://images-na.ssl-images-amazon.com/images/G/33/gno/sprites/nav-sprite-global-1x-hm-dsk-reorg._CB405936847_.png,
https://images-na.ssl-images-amazon.com/images/G/33/img20/Buen_Fin/MasterSIM/Countdown/BFin_36Horas_Countdown_400x40._CB416354871_.jpg,Buen Fin
"https://images-na.ssl-images-amazon.com/images/I/71sRJdOEUEL._AC_UL200_SR200,200_.jpg",Dell Gaming G5 15 5500 Intel Core i7 16GB 512GB
"https://images-na.ssl-images-amazon.com/images/I/81hJ1x-oUfL._AC_UL200_SR200,200_.jpg",Gigabyte GV-R55XTOC-4GD
"https://images-na.ssl-images-amazon.com/images/I/71Vw3ExhsQL._AC_UL200_SR200,200_.jpg","Asus VivoBook S13 Portátil Delgado y Ligero, 33 cm., Indie Negro, 13-13.99 Inches"
"https://images-na.ssl-images-amazon.com/images/I/715H1zuQ1%2BL._AC_UL200_SR200,200_.jpg","msi Laptop Content Creation Prestige 15 A10SC-401MX 14"" FHD, IPS, NVIDIA GEFORCE GTX1650 TI MAX-Q 4GBB, Intel Core I7…"
"https://images-na.ssl-images-amazon.com/images/I/712QuIJM7KL._AC_UL85_SR85,85_.jpg","LAPTOP GAMING MSI GF63 Thin 10SCSR-456MX 15.6"" FHD, IPS, NVIDIA GEFORCE GTX1650 TI MAX-Q 4GB, INTEL CORE i7-10750H, RAM…"
"https://images-na.ssl-images-amazon.com/images/I/61vIVmO7OHL._AC_UL85_SR85,85_.jpg","Lenovo Laptop IP 3-14IIL Intel Ci5, RAM 12GB, SDD 256GB, Windows 10, Azul"
"https://images-na.ssl-images-amazon.com/images/I/712QuIJM7KL._AC_UL85_SR85,85_.jpg","LAPTOP GAMING MSI GF63 Thin 10SCSR-457MX 15.6"" FHD, IPS, NVIDIA GEFORCE GTX1650 TI MAX-Q 4GB, INTEL CORE i5-10300H, RAM…"
"https://images-na.ssl-images-amazon.com/images/I/71vvXGmdKWL._AC_UL85_SR85,85_.jpg","Acer Aspire 5 Slim - visualización IPS Full HD de 15,6 Pulgadas, AMD Ryzen 5 3500U, Vega 8 Graphics, 8GB DDR4, 256 GB…"
"https://images-na.ssl-images-amazon.com/images/I/7132lTn3fOL._AC_UL85_SR85,85_.jpg","Asus Laptop Gamer TUF 15.6"", GeForce GTX 1650, Ryzen 7 , 8GB RAM, 256 GB SSD, FX505DT-BQ155T"
"https://images-na.ssl-images-amazon.com/images/I/61vIVmO7OHL._AC_UL85_SR85,85_.jpg","Lenovo Laptop IP 3-14IIL Intel Ci5, RAM 12GB, SDD 256GB, Windows 10, Azul"
"https://images-na.ssl-images-amazon.com/images/I/61dJ7TgwcXL._AC_UL200_SR200,200_.jpg","Dell Laptop Inspiron 3585, AMD Ryzen 5, 8GB RAM, 512GB SSD, Win 10 - Plata."
"https://images-na.ssl-images-amazon.com/images/I/81IfAy9V%2BjL._AC_UL200_SR200,200_.jpg",2020 HP 14 pulgadas Hogar y Negocio Microborde WLED Retroiluminado computadora Portátil AMD Athlon Silver 3050U 3.2GHz…
"https://images-na.ssl-images-amazon.com/images/I/61%2BQSf5AGKL._AC_UL200_SR200,200_.jpg","Moroccanoil Moisture Repair Champú, 250 ml"
"https://images-na.ssl-images-amazon.com/images/I/A1A2yQlAXCL._AC_UL200_SR200,200_.jpg","Asus TUF Gaming A15 Laptop para Videojuegos, 15.6 Pulgadas, 144 Hz Full HD IPS, AMD Ryzen 5 4600H, GeForce GTX 1650, 8…"
"https://images-na.ssl-images-amazon.com/images/I/71iPHl2UQlL._AC_UL200_SR200,200_.jpg","Dell Laptop Gaming G3 3500, Core i7 10a. Gen.,16GB RAM, 256GB SSD, NVIDIA GTX 1650 Ti, Win 10 - Negro."
"https://images-na.ssl-images-amazon.com/images/I/51bTeBj1J3L._AC_UL200_SR200,200_.jpg","HUAWEI Matebook X Pro 2020 i5 - Laptop de 13.9"" de Décima Generación Intel® Core™ i5-10210U, Windows 10 Home, Memoria de…"
"https://images-na.ssl-images-amazon.com/images/I/410N4ggi2eL._AC_UL200_SR200,200_.jpg","Dell COMDEL1560 Laptop Vostro Intel Core i5 10210U, 8 GB, 14 Pulgadas, Windows 10 Pro, 1 TB"
"https://images-na.ssl-images-amazon.com/images/I/816sFhBGmKL._AC_UL200_SR200,200_.jpg",2020 Lenovo IdeaPad 3 15.6 pulgadas Laptop Intel Core i3-1005G1 8GB RAM 256GB SSD Windows 10 pulgadas Modo S Azul…
"https://images-na.ssl-images-amazon.com/images/I/81egAUg2YXL._AC_UL200_SR200,200_.jpg","HP 14-cf3021la, Windows 10, Intel Core I5, 8GB RAM"
"https://images-na.ssl-images-amazon.com/images/I/71vLhUMKEUL._AC_UL200_SR200,200_.jpg",Dell Gaming G5 15 5505 AMD Ryzen 7 16GB 512GB
"https://images-na.ssl-images-amazon.com/images/I/616ayxYmzZL._AC_UL200_SR200,200_.jpg","Lenovo IdeaPad 3 2020, visualización de bisel estrecho Full HD de 14"", procesador AMD Ryzen 3 3250U de doble núcleo, 8…"
"https://images-na.ssl-images-amazon.com/images/I/714tXEvZZyL._AC_UL200_SR200,200_.jpg","Acer Aspire 1 A115-31 Slim - Procesador Intel N4000 (4 GB, DDR4, 64 GB, eMMC, 15,6"", LED, Windows 10, en modo S, HDMI…"
"https://images-na.ssl-images-amazon.com/images/I/61uJhCwcL6L._AC_UL200_SR200,200_.jpg","Asus Rog Strix G15 Electro, 15"", Geforce Gtx 1650 Ti With Rog Boost Intel, Core I5 10A Gen, 16Gb Ram, 512 Ssd, G512Li…"
"https://images-na.ssl-images-amazon.com/images/I/61avuUmetYL._AC_UL200_SR200,200_.jpg","Asus Laptop X512DA-BTS2020RL 15.6"" AMD Ryzen 5 8GB 512GB Plata"
"https://images-na.ssl-images-amazon.com/images/I/71pfbzHCxVL._AC_UL200_SR200,200_.jpg","XPG XENIA Notebook-Laptop Gaming de 15.6” NVIDIA GEFORCE GTX 1660Ti Intel Core I7-9750H, RAM 32 GB XPG DDR4 2666Mhz, SSD…"
"https://images-na.ssl-images-amazon.com/images/I/51pPm%2B3%2BAbL._AC_UL200_SR200,200_.jpg","Huawei Matebook 13 2020 -Laptop 13"" Procesador Amd Ryzen 5 3500U, Windows 10, Memoria De 512 Gb Rom + 8 Gb Ram, Gpu…"
"https://images-na.ssl-images-amazon.com/images/I/81UqUntkz6L._AC_UL200_SR200,200_.jpg","ASUS Laptop L406 portátil delgado y ligero, visualización HD de 14 pulgadas, procesador Intel Celeron N4000, 4 GB de RAM…"
"https://images-na.ssl-images-amazon.com/images/I/717ywJDnAHL._AC_UL200_SR200,200_.jpg","2020 HP 15.6 pulgadas HD LED visualización portátil Intel Pentium Gold 6405U procesador 4GB DDR4 RAM, 128 GB SSD, HDMI…"
"https://images-na.ssl-images-amazon.com/images/I/7162Bn8fpeL._AC_UL200_SR200,200_.jpg","Lenovo Flex 14 - visualización táctil FHD 2 en 1, procesador Intel i5-8265U, 8 GB DDR4 RAM, 512 GB SSD, HDMI, lector de…"
"https://images-na.ssl-images-amazon.com/images/I/41eVdbpbn8L._AC_UL200_SR200,200_.jpg","HP EliteBook 840 G4 14 pulgadas HD Laptop, Core i5-7300U 2.6GHz, 16GB RAM, 256GB Unidad de estado sólido, Webcam…"
"https://images-na.ssl-images-amazon.com/images/I/81ogtKnKZXL._AC_UL200_SR200,200_.jpg","Lenovo Flex 5 14"" FHD IPS táctil Premium 2 en 1, AMD 4th Gen Ryzen 5 4500U, 16GB RAM, 512 GB PCIe SSD, teclado…"
"https://images-na.ssl-images-amazon.com/images/I/81TxlKTdzwL._AC_UL200_SR200,200_.jpg","Apple MacBook Air (de 13 pulgadas, Procesador Intel Core i3 de doble núcleo y 1.1 GHz de décima generación, 8 GB RAM…"
"https://images-na.ssl-images-amazon.com/images/I/81TM5CgvlQL._AC_UL200_SR200,200_.jpg","Asus Chromebook C523 visualización HD NanoEdge de 15,6"" con bisagra de 180 Grados procesador Intel Dual Core Celeron…"
"https://images-na.ssl-images-amazon.com/images/I/71lHjSXxcpL._AC_UL200_SR200,200_.jpg","LENOVO LAPTOP GAMING LEGION Y540-15IRH 15.6"", NVIDIA GEFORCE GTX 1650_TI, INTEL CORE i5, RAM 8GB, 128GB SSD + 1TB HDD…"
"https://images-na.ssl-images-amazon.com/images/I/61ulD7-HMiL._AC_UL200_SR200,200_.jpg",NACEB TECHNOLOGY NA-636 Base con Ventilador
"https://images-na.ssl-images-amazon.com/images/I/71wPNQumF9L._AC_UL200_SR200,200_.jpg","Portátil Dell Latitude 7280 de 12.5 pulgadas HD antirreflejos de 7ma generación (Intel Core i5-7300U 2.60 GHz, 8GB Ram…"
"https://images-na.ssl-images-amazon.com/images/I/81lcaEKo3hL._AC_UL200_SR200,200_.jpg","HP Laptop, Pantalla de 13.3, Procesador Intel Core i5-1035G1 10ª generación a 3.6 GHz, 8 GB RAM, 256 GB SSD +16 GB…"
"https://images-na.ssl-images-amazon.com/images/I/81NBj%2BFcJlL._AC_UL200_SR200,200_.jpg","HP Chromebook 11, 11.6"", Celeron, 4GB, 16GB, Chrome OS"
"https://images-na.ssl-images-amazon.com/images/I/81gPkYDehqL._AC_UL200_SR200,200_.jpg","Newest HP 14"" HD Premium Business Laptop PC | 10th Gen Intel Quad-Core i5-1035G1 up to 3.6GHz | 8GB RAM | 256GB SSD…"
"https://images-na.ssl-images-amazon.com/images/I/71Erq-PlhhL._AC_UL200_SR200,200_.jpg","Acer Chromebook 314, Intel Celeron N4000, visualización Full HD de 14"", 4 GB LPDDR4, 64 GB eMMC, Gigabit WiFi, Google…"
"https://images-na.ssl-images-amazon.com/images/I/71mNRTQF0GL._AC_UL200_SR200,200_.jpg",Dell Gaming G7 17 7700 Intel Core i7 16GB 512GB
"https://images-na.ssl-images-amazon.com/images/I/51tJRvYuuZL._AC_UL200_SR200,200_.jpg","Laptop Asus Vivobook S, 15"", Core I5 10A Gen, 8Gb Ram, 1Tb Ssd, White, S533Fa-Bq127T"
"https://images-na.ssl-images-amazon.com/images/I/814I0Iz4QLL._AC_UL200_SR200,200_.jpg","HP Pavilion Laptop, Pantalla de 15"" HD, Procesador AMD Ryzen 3-3300U, 12GB RAM, 1TB+128GB SSD, Sistema operativo Windows…"
"https://images-na.ssl-images-amazon.com/images/I/717ywJDnAHL._AC_UL200_SR200,200_.jpg","Laptop HP Pavilion Intel Pentium Silver N5000 4 GB 128 GB SSD Windows 10, color rojo"
"https://images-na.ssl-images-amazon.com/images/I/81DkONvgRVL._AC_UL200_SR200,200_.jpg","Asus ZenBook 14 Ultra-Slim Laptop 14"" Full HD NanoEdge Bezel, Intel Core i5-1035G1, 8GB RAM, 512GB PCIe SSD, NumberPad…"
"https://images-na.ssl-images-amazon.com/images/I/61eQ0kr6WjL._AC_UL200_SR200,200_.jpg","Dell Alienware Area M51 Laptop con Pantalla de 17"" (Intel Core i7 10a. 16 GB RAM, 1 TB DD + 512 SSD, NVIDA GEFORCE RTX…"
"https://images-na.ssl-images-amazon.com/images/I/71y%2Bzr99cKL._AC_UL200_SR200,200_.jpg",HP 14-dw0001la/ Windows 10/ Intel Corei5/ 8 GB RAM/Unidad de Estado soligo 256 GB/Intel Optane 16 GB
"https://images-na.ssl-images-amazon.com/images/I/81%2B0uLLEfYL._AC_UL200_SR200,200_.jpg","Asus Vivobook S15 S532 - Portátil Fino y Ligero, 15,6"" FHD, Intel Core i5-10210U, 8 GB DDR4 RAM, 512 GB PCIe SSD…"
"https://images-na.ssl-images-amazon.com/images/I/712QuIJM7KL._AC_UL200_SR200,200_.jpg","LAPTOP GAMING MSI GF65 Thin 10SDR-659MX 15.6"" FHD, IPS, NVIDIA GEFORCE GTX1660TI MAX-Q 6GB, INTEL CORE i7-10750H, RAM…"
"https://images-na.ssl-images-amazon.com/images/I/51BMiPWtYeL._AC_UL200_SR200,200_.jpg","HP - Envy Laptop de visualización táctil 4K Ultra HD de 13,3 pulgadas - Intel Core i7-1065G7 - memoria DDR4 de 8 GB…"
"https://images-na.ssl-images-amazon.com/images/I/61-WUvCTqAL._AC_UL200_SR200,200_.jpg","MSI Modern 14 A10M-460 14"" Ultra Delgado y Ligero Profesional Intel Core i5-10210UUMA 8GB DDR4 512 GB NVMe SSD Win10…"
"https://images-na.ssl-images-amazon.com/images/I/51v32-2A0lL._AC_UL200_SR200,200_.jpg","HP Portátil de 14 pulgadas, Oro pálido, 10th Gen i3-1005G1 (Renewed)"
"https://images-na.ssl-images-amazon.com/images/I/71FrQxHnBQL._AC_UL200_SR200,200_.jpg","Asus VivoBook S15 S533 Portátil Delgado y Ligero, Indie Negro, 15-15.99 Inches"
"https://images-na.ssl-images-amazon.com/images/I/61HPOmkFl1L._AC_UL200_SR200,200_.jpg","Dell Laptop Inspiron 14"" 3493, Core i5 10a. Gen., 8GB RAM, 256GB SSD, Win 10 - Plata."
"https://images-na.ssl-images-amazon.com/images/I/71PGhrDKhzL._AC_UL200_SR200,200_.jpg","2020 Nuevo Lenovo IdeaPad 3 Portátil de 15 pulgadas, AMD Ryzen 5 3500U Procesador Quad-Core, 8GB de memoria, unidad de…"
"https://images-na.ssl-images-amazon.com/images/I/41p6k-i9VVL._AC_UL200_SR200,200_.jpg","HP Pavilion 16,1 pulgadas Gaming Laptop (1920x1080) FHD 144 Hz, Intel Core i5-10300H, NVIDIA GeForce GTX 1660 Ti con…"
https://images-na.ssl-images-amazon.com/images/G/33/personalization/ybh/loading-4x-gray._CB485916902_.gif,imagealt
/rd/uedata?noscript&id=YZZZB46J8VMCV17A8A9K&pty=zeitgeist&spty=bs&pti=electronics,imagealt
//fls-na.amazon.com.mx/1/batch/1/OP/A1AM78C64UM0Y8:139-7113026-3900600:YZZZB46J8VMCV17A8A9K$uedata=s:%2Frd%2Fuedata%3Fnoscript%26id%3DYZZZB46J8VMCV17A8A9K%26pty%3Dzeitgeist%26spty%3Dbs%26pti%3Delectronics:2000,imagealt
