TV Img,Alt Text
https://images-na.ssl-images-amazon.com/images/G/33/gno/sprites/nav-sprite-global-1x-hm-dsk-reorg._CB405936847_.png,
https://images-na.ssl-images-amazon.com/images/G/33/img20/Buen_Fin/MasterSIM/Countdown/BFin_36Horas_Countdown_400x40._CB416354871_.jpg,Buen Fin
"https://images-na.ssl-images-amazon.com/images/I/71YlCIAhj6L._AC_UL200_SR200,200_.jpg","Tv Samsung Crystal 4K UHD 43"" Smart Tv UN43TU6900FXZX (2020)"
"https://images-na.ssl-images-amazon.com/images/I/814PQSUje3L._AC_UL200_SR200,200_.jpg","TV Sony 55"" 4K UHD Smart Tv LED 55X720F"
"https://images-na.ssl-images-amazon.com/images/I/71YlCIAhj6L._AC_UL200_SR200,200_.jpg","Tv Samsung Crystal 4K UHD 55"" Smart Tv UN55TU6900FXZX (2020)"
"https://images-na.ssl-images-amazon.com/images/I/81vmLvs6BrL._AC_UL200_SR200,200_.jpg","TV Samsung 55"" 4K UHD Smart Tv QLED QN55Q60TAF ( 2020 )"
"https://images-na.ssl-images-amazon.com/images/I/61AKm-cjX7L._AC_UL85_SR85,85_.jpg","TV Hyundai 32"" HD Smart TV LED HYLED3246NiM"
"https://images-na.ssl-images-amazon.com/images/I/41PutJfxK9L._AC_UL85_SR85,85_.jpg",TCL Pantalla 32 Pulgadas Smart TV Roku 32S331-MX (Reacondicionado)
"https://images-na.ssl-images-amazon.com/images/I/51fwjQCRxvL._AC_UL85_SR85,85_.jpg","LG Televisión de 65"" SmarTV Pantalla 4K Ultra HD |Magic Remote |HDR10|Dolby Vision | Google Assistant | Alexa | Apple…"
"https://images-na.ssl-images-amazon.com/images/I/814PQSUje3L._AC_UL85_SR85,85_.jpg","TV Sony 55"" 4K UHD Smart Tv LED 55X720F"
"https://images-na.ssl-images-amazon.com/images/I/71YlCIAhj6L._AC_UL85_SR85,85_.jpg","Tv Samsung Crystal 4K UHD 43"" Smart Tv UN43TU6900FXZX (2020)"
"https://images-na.ssl-images-amazon.com/images/I/81vmLvs6BrL._AC_UL85_SR85,85_.jpg","TV Samsung 55"" 4K UHD Smart Tv QLED QN55Q60TAF ( 2020 )"
"https://images-na.ssl-images-amazon.com/images/I/61AKm-cjX7L._AC_UL200_SR200,200_.jpg","TV Hyundai 32"" HD Smart TV LED HYLED3246NiM"
"https://images-na.ssl-images-amazon.com/images/I/71YlCIAhj6L._AC_UL200_SR200,200_.jpg","TV Samsung 58"" 4K Cristal UHD Smart TV LED UN58TU6900FXZX (2020)"
"https://images-na.ssl-images-amazon.com/images/I/71TJZZ%2Bd2fL._AC_UL200_SR200,200_.jpg","TV Samsung 32"" HD Smart TV LED UN32T4300AFXZX (2020)"
"https://images-na.ssl-images-amazon.com/images/I/91EAb3fKMBL._AC_UL200_SR200,200_.jpg","TV Samsung 50"" 4K UHD Smart Tv LED UN50TU7000FXZX ( 2020 )"
"https://images-na.ssl-images-amazon.com/images/I/916Ts4fDi5L._AC_UL200_SR200,200_.jpg","TV Samsung 32"" HD Smart TV LED LH32BETBLGKXZX (2020)"
"https://images-na.ssl-images-amazon.com/images/I/71KefL8QawL._AC_UL200_SR200,200_.jpg","Tv Samsung Crystal 4K UHD 55"" Smart Tv UN55TU8000FXZX Alexa built-in (2020)"
"https://images-na.ssl-images-amazon.com/images/I/41simpaCMrL._AC_UL200_SR200,200_.jpg",Hisense 43 pulgadas Smart TV con Sistema Operativo Roku Ultra Alta Definición Pantalla Wi-Fi LED 1080P con Puertos HDMI…
"https://images-na.ssl-images-amazon.com/images/I/81UYqty05XL._AC_UL200_SR200,200_.jpg","TV Sony 43"" 4K UHD Smart Tv LED KDL-43X720F"
"https://images-na.ssl-images-amazon.com/images/I/71VlPnHMSvL._AC_UL200_SR200,200_.jpg","TV Samsung 55"" 4K UHD Smart Tv LED UN55TU8500FXZX ( 2020 )"
"https://images-na.ssl-images-amazon.com/images/I/81-ieVP4QZL._AC_UL200_SR200,200_.jpg","Sony Pantalla 49¨ 4K Ultra HD, Smart TV HDR KDL-49X720F"
"https://images-na.ssl-images-amazon.com/images/I/719%2BSi5v4AL._AC_UL200_SR200,200_.jpg","TV LG 43"" FHD Smart TV LED 43LM6300PUB 2020"
"https://images-na.ssl-images-amazon.com/images/I/71HQa5eW0mL._AC_UL200_SR200,200_.jpg","TV LG 50"" 4K Smart TV LED 50UN8000PUB 2020"
"https://images-na.ssl-images-amazon.com/images/I/61KUFcjQh1L._AC_UL200_SR200,200_.jpg","TV Samsung 55"" 4K Smart TV QLED QN55Q70 (2020)"
"https://images-na.ssl-images-amazon.com/images/I/81vmLvs6BrL._AC_UL200_SR200,200_.jpg","TV Samsung 65"" 4K UHD Smart Tv QLED QN65Q60TAFXZX ( 2020 )"
"https://images-na.ssl-images-amazon.com/images/I/61J0HIHi%2B7L._AC_UL200_SR200,200_.jpg","TV Samsung 65"" 4K UHD Smart Tv QLED Qn65Q70TAFXZX ( 2020 )"
"https://images-na.ssl-images-amazon.com/images/I/91aYCF4I1OL._AC_UL200_SR200,200_.jpg","TV Samsung 75"" 4K UHD Smart Tv LED UN75TU7000FXZX ( 2020 )"
"https://images-na.ssl-images-amazon.com/images/I/61ZiJDyp-gL._AC_UL200_SR200,200_.jpg","TV LG 43"" 4K Smart TV LED 43UN7100PUA 2020"
"https://images-na.ssl-images-amazon.com/images/I/71GmEiIcaHL._AC_UL200_SR200,200_.jpg","TV LG 60"" 4K Smart TV LED 60UN7300PUA 2020"
"https://images-na.ssl-images-amazon.com/images/I/713rfj7KKSL._AC_UL200_SR200,200_.jpg","TV LG 55"" 4K Smart TV LED 55UN7300PUC 2020"
"https://images-na.ssl-images-amazon.com/images/I/71H96gPbdhL._AC_UL200_SR200,200_.jpg","Hisense 32"" Serie H5F1 VIDAA HD Smart TV (32H5F1, 2020)"
"https://images-na.ssl-images-amazon.com/images/I/61YiMZJsjyL._AC_UL200_SR200,200_.jpg","TV TCL 43"" 4K UHD Roku Tv LED 43S425-MX"
"https://images-na.ssl-images-amazon.com/images/I/715yuClTJ6L._AC_UL200_SR200,200_.jpg",SANSUI Smart TV 32 LED HD Netflix Dolby Audio SMX-32P28NF
"https://images-na.ssl-images-amazon.com/images/I/91-gHZ%2BX9YL._AC_UL200_SR200,200_.jpg","TV Samsung 58"" 4K UHD Smart Tv LED UN58TU7000FXZX ( 2020 )"
"https://images-na.ssl-images-amazon.com/images/I/71p18I-YMzL._AC_UL200_SR200,200_.jpg","TV LG 55"" 4K Smart TV LED NanoCell 55NANO81UNA 2020"
"https://images-na.ssl-images-amazon.com/images/I/61XuhC2fyhL._AC_UL200_SR200,200_.jpg","Hisense 32H4000FM Serie 4. 32"" HD, Smart TV, Roku TV, HDR, Roku Search, (2019) (32"") (Renewed)"
"https://images-na.ssl-images-amazon.com/images/I/81-%2BjmXSNyL._AC_UL200_SR200,200_.jpg","TV Hisense 43"" 4K Roku TV LED R6000GM (2020)"
"https://images-na.ssl-images-amazon.com/images/I/61YiMZJsjyL._AC_UL200_SR200,200_.jpg","TV TCL 55"" 4K UHD Roku Tv LED 55S425-MX"
"https://images-na.ssl-images-amazon.com/images/I/61nwkFpUBLL._AC_UL200_SR200,200_.jpg","Sony BRAVIA KDL-32W600D. Pantalla de 32"", HD ready Smart TV"
"https://images-na.ssl-images-amazon.com/images/I/61%2BDzdrlc-L._AC_UL200_SR200,200_.jpg","TV LG 55"" 4K Smart TV LED 55UN7100PUA 2020"
"https://images-na.ssl-images-amazon.com/images/I/91-gHZ%2BX9YL._AC_UL200_SR200,200_.jpg","TV Samsung 43"" 4K UHD Smart Tv LED UN43TU7000FXZX ( 2020 )"
"https://images-na.ssl-images-amazon.com/images/I/51XOh7jvPbL._AC_UL200_SR200,200_.jpg","Hisense 40H5500F Android TV Smart TV 40"", 1080p, Built-in Wi-Fi, 2019, Color Negro"
"https://images-na.ssl-images-amazon.com/images/I/61aGRM8DJOL._AC_UL200_SR200,200_.jpg","Hisense 50R6000GM Serie R6 50"" 4K Uhd, Smart TV, Roku TV, Hdr10, Roku Search, (2020) (50"")"
"https://images-na.ssl-images-amazon.com/images/I/71sJNFHpYoL._AC_UL200_SR200,200_.jpg",Hisense 32H4F 32-Inch LED Roku Smart TV with Alexa and Google Assistant Compatibility (2020) (Reacondicionado)
"https://images-na.ssl-images-amazon.com/images/I/61SONhtHOxL._AC_UL200_SR200,200_.jpg","TV LG 49"" 4K Smart TV LED 49UN7100PUA"
"https://images-na.ssl-images-amazon.com/images/I/91aYCF4I1OL._AC_UL200_SR200,200_.jpg","TV Samsung 65"" 4K UHD Smart Tv LED Un65Tu7000Fxzx ( 2020 )"
"https://images-na.ssl-images-amazon.com/images/I/71%2B5enz53sL._AC_UL200_SR200,200_.jpg","TV LG 49"" 4K Smart TV LED NanoCell 49NANO81UNA 2020"
"https://images-na.ssl-images-amazon.com/images/I/81SZnYKocPL._AC_UL200_SR200,200_.jpg","Hisense 65"" Serie H8G Android 4K ULED Smart TV con Asistente de Google (65H8G, 2020)"
"https://images-na.ssl-images-amazon.com/images/I/71VfecGjmRL._AC_UL200_SR200,200_.jpg","TV LG 32"" HD Smart TV LED 32LM630BPUB"
"https://images-na.ssl-images-amazon.com/images/I/91mcHVhh9KL._AC_UL200_SR200,200_.jpg","TV Samsung 55"" 4K UHD Smart Tv LED UN55TU7000FXZX ( 2020 )"
"https://images-na.ssl-images-amazon.com/images/I/71gzlKauNQL._AC_UL200_SR200,200_.jpg",Hisense 32H4F 32-Inch LED Roku Smart TV with Alexa and Google Assistant Compatibility (2020)
"https://images-na.ssl-images-amazon.com/images/I/31pO-n1BnTL._AC_UL200_SR200,200_.jpg","Pantalla DE 40"" Full HD Smart TV"
"https://images-na.ssl-images-amazon.com/images/I/61AVcTBkE1L._AC_UL200_SR200,200_.jpg","TCL Pantalla 65"" 4K UHD Smart TV HDR con Dolby Vision 65A527"
"https://images-na.ssl-images-amazon.com/images/I/713G4gIXPiL._AC_UL200_SR200,200_.jpg","TV TCL 32"" HD Android TV LED 32A325"
"https://images-na.ssl-images-amazon.com/images/I/41PutJfxK9L._AC_UL200_SR200,200_.jpg",TCL Pantalla 32 Pulgadas Smart TV Roku 32S331-MX (Reacondicionado)
"https://images-na.ssl-images-amazon.com/images/I/51fwjQCRxvL._AC_UL200_SR200,200_.jpg","LG Televisión de 65"" SmarTV Pantalla 4K Ultra HD |Magic Remote |HDR10|Dolby Vision | Google Assistant | Alexa | Apple…"
"https://images-na.ssl-images-amazon.com/images/I/41EE3d-Ti5L._AC_UL200_SR200,200_.jpg","TV Hisense 40"" Full HD Smart ROKU 40H4030F Renewed"
https://images-na.ssl-images-amazon.com/images/G/33/personalization/ybh/loading-4x-gray._CB485916902_.gif,imagealt
/rd/uedata?noscript&id=84P9QSAWZHVCT120SMY4&pty=zeitgeist&spty=bs&pti=electronics,imagealt
//fls-na.amazon.com.mx/1/batch/1/OP/A1AM78C64UM0Y8:139-7113026-3900600:84P9QSAWZHVCT120SMY4$uedata=s:%2Frd%2Fuedata%3Fnoscript%26id%3D84P9QSAWZHVCT120SMY4%26pty%3Dzeitgeist%26spty%3Dbs%26pti%3Delectronics:2000,imagealt
https://images-na.ssl-images-amazon.com/images/G/33/gno/sprites/nav-sprite-global-1x-hm-dsk-reorg._CB405936847_.png,
https://images-na.ssl-images-amazon.com/images/G/33/img20/Buen_Fin/MasterSIM/Countdown/BFin_36Horas_Countdown_400x40._CB416354871_.jpg,Buen Fin
"https://images-na.ssl-images-amazon.com/images/I/81kOW6%2Bxa%2BL._AC_UL200_SR200,200_.jpg","TV Samsung 50"" 4K Th Frame Smart TV QLED QN50LS03TAFXZX (2020)"
"https://images-na.ssl-images-amazon.com/images/I/61AVcTBkE1L._AC_UL200_SR200,200_.jpg",TCL Pantalla 50¨4K UHD Smart TV con Sistema Android TV y Dolby Vision 50A527
"https://images-na.ssl-images-amazon.com/images/I/81wLGLKUyzL._AC_UL200_SR200,200_.jpg","TV Hisense 75"" 4K Android TV ULED 75H8G (2020)"
"https://images-na.ssl-images-amazon.com/images/I/615-j1Da7TL._AC_UL200_SR200,200_.jpg","TV Samsung 50"" 4K UHD Smart Tv LED UN50TU8500FXZX ( 2020 )"
"https://images-na.ssl-images-amazon.com/images/I/61AKm-cjX7L._AC_UL85_SR85,85_.jpg","TV Hyundai 32"" HD Smart TV LED HYLED3246NiM"
"https://images-na.ssl-images-amazon.com/images/I/41PutJfxK9L._AC_UL85_SR85,85_.jpg",TCL Pantalla 32 Pulgadas Smart TV Roku 32S331-MX (Reacondicionado)
"https://images-na.ssl-images-amazon.com/images/I/51fwjQCRxvL._AC_UL85_SR85,85_.jpg","LG Televisión de 65"" SmarTV Pantalla 4K Ultra HD |Magic Remote |HDR10|Dolby Vision | Google Assistant | Alexa | Apple…"
"https://images-na.ssl-images-amazon.com/images/I/814PQSUje3L._AC_UL85_SR85,85_.jpg","TV Sony 55"" 4K UHD Smart Tv LED 55X720F"
"https://images-na.ssl-images-amazon.com/images/I/71YlCIAhj6L._AC_UL85_SR85,85_.jpg","Tv Samsung Crystal 4K UHD 43"" Smart Tv UN43TU6900FXZX (2020)"
"https://images-na.ssl-images-amazon.com/images/I/81vmLvs6BrL._AC_UL85_SR85,85_.jpg","TV Samsung 55"" 4K UHD Smart Tv QLED QN55Q60TAF ( 2020 )"
"https://images-na.ssl-images-amazon.com/images/I/71sOVJhdjaL._AC_UL200_SR200,200_.jpg","TV 55"" TCL 4K UHD Smart Android TV Dolby digital 55A527"
"https://images-na.ssl-images-amazon.com/images/I/61OQIfcV3uL._AC_UL200_SR200,200_.jpg","Sony Televisión de 55"" SmartTV Pantalla 4k UltraHD | HDR |OS Android | 4K X-Reality Pro | Triluminos Display | Google…"
"https://images-na.ssl-images-amazon.com/images/I/61FcdiByYyL._AC_UL200_SR200,200_.jpg","TV LG 43"" 4K Smart TV LED 43UM7100PUA"
"https://images-na.ssl-images-amazon.com/images/I/61pvw-RG2TL._AC_UL200_SR200,200_.jpg","Hisense Pantalla 58"" Smart TV UHD 4K 58H6500E"
"https://images-na.ssl-images-amazon.com/images/I/71m-zocopgL._AC_UL200_SR200,200_.jpg","TV Samsung 70"" 4K UHD Smart Tv LED UN70RU7100FXZX"
"https://images-na.ssl-images-amazon.com/images/I/71ajmBfSdGL._AC_UL200_SR200,200_.jpg","TV Sony 55"" 4K UHD Android TV LED XBR-55X900H ( 2020 )"
"https://images-na.ssl-images-amazon.com/images/I/81V30ekeeeL._AC_UL200_SR200,200_.jpg","Hisense 40H5G Smart TV 40"" FULL HD, 1080p, Built-in Wi-Fi, 2020, Color Negro"
"https://images-na.ssl-images-amazon.com/images/I/71nlsCkthmL._AC_UL200_SR200,200_.jpg","TV LG 86"" 4K Smart TV LED 86UN8570PUB 2020"
"https://images-na.ssl-images-amazon.com/images/I/71bOjFVAc%2BL._AC_UL200_SR200,200_.jpg","LG UHD TV AI ThinQ 4K 65"" 65UN8050PUD"
"https://images-na.ssl-images-amazon.com/images/I/61xX6utdh3L._AC_UL200_SR200,200_.jpg","TV Samsung 55"" 4K UHD Smart Tv QLED QN55Q80TAFXZX ( 2020 )"
"https://images-na.ssl-images-amazon.com/images/I/71HIxCeqDdL._AC_UL200_SR200,200_.jpg","TCL Pantalla 55"" UHD 4k Dolby Atmos QLED Android Smart TV - 55Q637"
"https://images-na.ssl-images-amazon.com/images/I/61aGRM8DJOL._AC_UL200_SR200,200_.jpg","Hisense 75R6000GM Serie R6 75"" 4K Uhd, Smart TV, Roku TV, Hdr10, Roku Search, (2020) (75"")"
"https://images-na.ssl-images-amazon.com/images/I/71OMKXaDAfL._AC_UL200_SR200,200_.jpg","TV LG 55"" 4K Smart TV LED 55UN8050PUD 2020"
"https://images-na.ssl-images-amazon.com/images/I/91-kAh36iML._AC_UL200_SR200,200_.jpg","LG Smart TV Pantalla 43 Pulgadas 4K HDR con Alexa, Google Assistant, Airplay2, Netlix, Youtube, Bluetooth (Renewed)"
"https://images-na.ssl-images-amazon.com/images/I/71PMTyxy4-L._AC_UL200_SR200,200_.jpg","TV LG 70"" 4K Smart TV LED 70UN7100PUA 2020"
"https://images-na.ssl-images-amazon.com/images/I/8161gQWMnNL._AC_UL200_SR200,200_.jpg",Hisense 32H5500F Class H55 Series Android Smart TV con Mando a Distancia de Voz (Modelo 2020)
"https://images-na.ssl-images-amazon.com/images/I/71oRmoEpcBL._AC_UL200_SR200,200_.jpg","Sansui TV LED 32"", Mod SMX32Z1 HD, Entradas 2 x HDMI, USB 2.0"
"https://images-na.ssl-images-amazon.com/images/I/51MiAu6aQfL._AC_UL200_SR200,200_.jpg",LG 70 Inches 4K Ultra HD Inteligente con Alexa integrada (2019)
"https://images-na.ssl-images-amazon.com/images/I/71HeuzXVkTL._AC_UL200_SR200,200_.jpg","TV Sony 65"" 4K UHD Smart Tv LED XBR-65X850G ( 2020 ) +Barra de sonido HT-S100F"
"https://images-na.ssl-images-amazon.com/images/I/71%2Bk6ZrewrL._AC_UL200_SR200,200_.jpg","TV Samsung 65"" 4K UHD Smart Tv LED UN65TU8000FXZX ( 2020 )"
"https://images-na.ssl-images-amazon.com/images/I/81t8Ih3X9gL._AC_UL200_SR200,200_.jpg","Hisense 43"" Smart TV 4K Televisor con Sistema Roku Pantalla Ultra HD LED, Cuenta con Ethernet, Wi-Fi, Puertos HDMI, USB…"
"https://images-na.ssl-images-amazon.com/images/I/71IibZoYDFL._AC_UL200_SR200,200_.jpg","TV LG 50"" 4K Smart TV LED 50UN7300PUC 2020"
"https://images-na.ssl-images-amazon.com/images/I/41LJdijZZ2L._AC_UL200_SR200,200_.jpg","TV TCL 43"" 4K Android TV LED 43A423 (2020)"
"https://images-na.ssl-images-amazon.com/images/I/81bP0QXHE0L._AC_UL200_SR200,200_.jpg","Sony Pantalla 55"" - 4K UHD|HDR - X1 4K HDR Processor - Android TV"
"https://images-na.ssl-images-amazon.com/images/I/71Z7SDS7wNL._AC_UL200_SR200,200_.jpg","Sony Pantalla 55"" - 4K HDR Full Array LED - X1 Ultimate - Android TV"
"https://images-na.ssl-images-amazon.com/images/I/817CAyMQ2jL._AC_UL200_SR200,200_.jpg",Samsung Pantalla 50¨Smart Tv UHD 4K UN50RU7100FXZX (2019)
"https://images-na.ssl-images-amazon.com/images/I/71zl%2Bt2NcQL._AC_UL200_SR200,200_.jpg","TV LG 65"" 4K Smart TV LED 65UN7300PUC 2020"
"https://images-na.ssl-images-amazon.com/images/I/61xkW0HMr%2BL._AC_UL200_SR200,200_.jpg","TCL Pantalla 40"" Pulgadas Smart TV ROKU"
"https://images-na.ssl-images-amazon.com/images/I/51AUI3bM81L._AC_UL200_SR200,200_.jpg","Hisense 58H6500G Serie 6 58\"" 4K UHD, Smart TV, Bluetooth (Solo Audio) Android TV, HDR10, (2020) (58\"")"
"https://images-na.ssl-images-amazon.com/images/I/917SylT%2BHTL._AC_UL200_SR200,200_.jpg","Hisense 32H3D Televisor LED, 720p HD, color negro"
"https://images-na.ssl-images-amazon.com/images/I/71CmmhU7V7L._AC_UL200_SR200,200_.jpg","TV LG 65"" 4K Smart TV LED 65Nano81Una 2020"
"https://images-na.ssl-images-amazon.com/images/I/91zmQQ6C09L._AC_UL200_SR200,200_.jpg",LG Electronics 24LM530S-PU WebOS de 24 Pulgadas HD de 3.5 Smart TV
"https://images-na.ssl-images-amazon.com/images/I/81WHxI7O5iL._AC_UL200_SR200,200_.jpg",Hisense 40” Serie H5F VIDAA Smart TV FHD (40H5F)
"https://images-na.ssl-images-amazon.com/images/I/51VjbWz0yiL._AC_UL200_SR200,200_.jpg","RCA Televisor 40 Pulgadas 1080p Full HD TV, Pantalla LED - RLDED4016A (Renovada)"
"https://images-na.ssl-images-amazon.com/images/I/41NkqRWgYiL._AC_UL200_SR200,200_.jpg","Makena Pantalla 24A2 24"" HD Puerto USB HDMI"
"https://images-na.ssl-images-amazon.com/images/I/6163zwqUltL._AC_UL200_SR200,200_.jpg",Hisense Smart TV 65inch 4K 65R6E (Renewed)
"https://images-na.ssl-images-amazon.com/images/I/61aAEHge0BL._AC_UL200_SR200,200_.jpg","TCL 32""Clase 720P HD LED Roku Smart TV Serie 3 |Alexa y Google Assistant| 32S331 (Renewed)"
"https://images-na.ssl-images-amazon.com/images/I/61aGRM8DJOL._AC_UL200_SR200,200_.jpg","Hisense 43R6000GM Serie R6 43"" 4K Uhd, Smart TV, Roku TV, Hdr10, Roku Search, (2020) (43"") (43"")"
"https://images-na.ssl-images-amazon.com/images/I/71Skj2p2B%2BL._AC_UL200_SR200,200_.jpg","TV Hyundai 50"" 4K UHD Smart Tv LED Hyled5014N4Km"
"https://images-na.ssl-images-amazon.com/images/I/81im1XH0fXL._AC_UL200_SR200,200_.jpg","TV Hisense 50"" 4K Smart TV LED 50H6G (2020)"
"https://images-na.ssl-images-amazon.com/images/I/71TaSzqCl5L._AC_UL200_SR200,200_.jpg",Seiki Pantalla 32 SC-32HS880N Television Led Full HD HDMI USB
"https://images-na.ssl-images-amazon.com/images/I/81hR-d2IOeL._AC_UL200_SR200,200_.jpg",Sony XBR-65X850G - clase 65 pulgadas (64.5 pulgadas de visión) - TV LED serie X850G - Smart TV - Android TV - 4K UHD…
"https://images-na.ssl-images-amazon.com/images/I/712dWGCI6tL._AC_UL200_SR200,200_.jpg","SANSUI Monitor TV 22"" Led SMX2219 HDMI USB"
"https://images-na.ssl-images-amazon.com/images/I/71AtB6u9TnL._AC_UL200_SR200,200_.jpg","TV LG 55"" 4K Smart TV Oled Oled55Bxpua"
"https://images-na.ssl-images-amazon.com/images/I/71Skj2p2B%2BL._AC_UL200_SR200,200_.jpg","TV Hyundai 55"" 4K UHD Smart Tv LED Hyled5519N4Km"
"https://images-na.ssl-images-amazon.com/images/I/61YiMZJsjyL._AC_UL200_SR200,200_.jpg","TV TCL 50"" 4K UHD Roku Tv LED 50S425"
https://images-na.ssl-images-amazon.com/images/G/33/personalization/ybh/loading-4x-gray._CB485916902_.gif,imagealt
/rd/uedata?noscript&id=GBQDDQAM3ZDFTZ8N5JBY&pty=zeitgeist&spty=bs&pti=electronics,imagealt
//fls-na.amazon.com.mx/1/batch/1/OP/A1AM78C64UM0Y8:139-7113026-3900600:GBQDDQAM3ZDFTZ8N5JBY$uedata=s:%2Frd%2Fuedata%3Fnoscript%26id%3DGBQDDQAM3ZDFTZ8N5JBY%26pty%3Dzeitgeist%26spty%3Dbs%26pti%3Delectronics:2000,imagealt
